NAME,FLOW RATE A (ml/min),FLOW RATE B (ml/min),FLOW RATE D (ml/min),RESIDENCE 2,AUTOSAMPLER SITE A,REAGENT CONC A (M),AUTOSAMPLER SITE B,REAGENT CONC B (M),DO NOT FILL,REAGENT USE (ml),REACTOR TEMPERATURE 2 (C),REACTOR TEMPERATURE 3 (C),WHOLE PEAK,DO NOT COLLECT,CLEANING FLOW RATE (ml/min),MANUAL CLEAN (ml)
R1,0.889,0.444,0.0,True,1,0.1,28,0.24,False,4,75,75,False,True,2,4
deprotection 1,0.0,0.0,0.8,True,1,0.1,28,0.1,False,4,75,75,False,True,2,4
R2,0.889,0.444,0.0,True,1,0.1,28,0.24,False,4,75,75,False,True,2,4
deprotection 2,0.0,0.0,0.8,True,1,0.1,28,0.1,False,4,75,75,False,True,2,4
I3,0.889,0.444,0.0,True,2,0.1,28,0.24,False,4,75,75,False,True,2,4
deprotection 3,0.0,0.0,0.8,True,2,0.1,28,0.1,False,4,75,75,False,True,2,4
R4,0.889,0.444,0.0,True,1,0.1,28,0.24,False,4,75,75,False,True,2,4
deprotection 4,0.0,0.0,0.8,True,1,0.1,28,0.1,False,4,75,75,False,True,2,4
W5,0.889,0.444,0.0,True,3,0.1,28,0.24,False,4,75,75,False,True,2,4
deprotection 5,0.0,0.0,0.8,True,3,0.1,28,0.1,False,4,75,75,False,True,2,4
F6,0.889,0.444,0.0,True,4,0.1,28,0.24,False,4,75,75,False,True,2,4
deprotection 6,0.0,0.0,0.8,True,4,0.1,28,0.1,False,4,75,75,False,True,2,4
P7,0.889,0.444,0.0,True,5,0.1,28,0.24,False,4,75,75,False,True,2,4
deprotection 7,0.0,0.0,0.8,True,5,0.1,28,0.1,False,4,75,75,False,True,2,4
S8,0.889,0.444,0.0,True,6,0.1,28,0.24,False,4,75,75,False,True,2,4
deprotection 8,0.0,0.0,0.8,True,6,0.1,28,0.1,False,4,75,75,False,True,2,4
G9,0.889,0.444,0.0,True,7,0.1,28,0.24,False,4,75,75,False,True,2,4
deprotection 9,0.0,0.0,0.8,True,7,0.1,28,0.1,False,4,75,75,False,True,2,4
G10,0.889,0.444,0.0,True,7,0.1,28,0.24,False,4,75,75,False,True,2,4
deprotection 10,0.0,0.0,0.8,True,7,0.1,28,0.1,False,4,75,75,False,True,2,4
G11,0.889,0.444,0.0,True,7,0.1,28,0.24,False,4,75,75,False,True,2,4
deprotection 11,0.0,0.0,0.8,True,7,0.1,28,0.1,False,4,75,75,False,True,2,4
N12,0.889,0.444,0.0,True,9,0.1,29,0.24,False,4,75,75,False,True,2,4
deprotection 12,0.0,0.0,0.8,True,9,0.1,29,0.1,False,4,75,75,False,True,2,4
R13,0.889,0.444,0.0,True,1,0.1,29,0.24,False,4,75,75,False,True,2,4
deprotection 13,0.0,0.0,0.8,True,1,0.1,29,0.1,False,4,75,75,False,True,2,4
C14,0.889,0.444,0.0,True,10,0.1,29,0.24,False,4,75,75,False,True,2,4
deprotection 14,0.0,0.0,0.8,True,10,0.1,29,0.1,False,4,75,75,False,True,2,4
V15,0.889,0.444,0.0,True,11,0.1,29,0.24,False,4,75,75,False,True,2,4
deprotection 15,0.0,0.0,0.8,True,11,0.1,29,0.1,False,4,75,75,False,True,2,4
C16,0.889,0.444,0.0,True,10,0.1,29,0.24,False,4,75,75,False,True,2,4
deprotection 16,0.0,0.0,0.8,True,10,0.1,29,0.1,False,4,75,75,False,True,2,4
K17,0.889,0.444,0.0,True,12,0.1,29,0.24,False,4,75,75,False,True,2,4
deprotection 17,0.0,0.0,0.8,True,12,0.1,29,0.1,False,4,75,75,False,True,2,4
K18,0.889,0.444,0.0,True,12,0.1,29,0.24,False,4,75,75,False,True,2,4
deprotection 18,0.0,0.0,0.8,True,12,0.1,29,0.1,False,4,75,75,False,True,2,4
E19,0.889,0.444,0.0,True,13,0.1,29,0.24,False,4,75,75,False,True,2,4
deprotection 19,0.0,0.0,0.8,True,13,0.1,29,0.1,False,4,75,75,False,True,2,4
K20,0.889,0.444,0.0,True,12,0.1,29,0.24,False,4,75,75,False,True,2,4
deprotection 20,0.0,0.0,0.8,True,12,0.1,29,0.1,False,4,75,75,False,True,2,4
N21,0.889,0.444,0.0,True,9,0.1,29,0.24,False,4,75,75,False,True,2,4
deprotection 21,0.0,0.0,0.8,True,9,0.1,29,0.1,False,4,75,75,False,True,2,4
C22,0.889,0.444,0.0,True,10,0.1,29,0.24,False,4,75,75,False,True,2,4
deprotection 22,0.0,0.0,0.8,True,10,0.1,29,0.1,False,4,75,75,False,True,2,4
Y23,0.889,0.444,0.0,True,14,0.1,30,0.24,False,4,75,75,False,True,2,4
deprotection 23,0.0,0.0,0.8,True,14,0.1,30,0.1,False,4,75,75,False,True,2,4
G24,0.889,0.444,0.0,True,7,0.1,30,0.24,False,4,75,75,False,True,2,4
deprotection 24,0.0,0.0,0.8,True,7,0.1,30,0.1,False,4,75,75,False,True,2,4
G25,0.889,0.444,0.0,True,7,0.1,30,0.24,False,4,75,75,False,True,2,4
deprotection 25,0.0,0.0,0.8,True,7,0.1,30,0.1,False,4,75,75,False,True,2,4
K26,0.889,0.444,0.0,True,12,0.1,30,0.24,False,4,75,75,False,True,2,4
deprotection 26,0.0,0.0,0.8,True,12,0.1,30,0.1,False,4,75,75,False,True,2,4
F27,0.889,0.444,0.0,True,4,0.1,30,0.24,False,4,75,75,False,True,2,4
deprotection 27,0.0,0.0,0.8,True,4,0.1,30,0.1,False,4,75,75,False,True,2,4
G28,0.889,0.444,0.0,True,7,0.1,30,0.24,False,4,75,75,False,True,2,4
deprotection 28,0.0,0.0,0.8,True,7,0.1,30,0.1,False,4,75,75,False,True,2,4
K29,0.889,0.444,0.0,True,12,0.1,30,0.24,False,4,75,75,False,True,2,4
deprotection 29,0.0,0.0,0.8,True,12,0.1,30,0.1,False,4,75,75,False,True,2,4
Pra30,0.889,0.444,0.0,True,15,0.1,30,0.24,False,4,75,75,False,True,2,4
deprotection 30,0.0,0.0,0.8,True,15,0.1,30,0.1,False,4,75,75,False,True,2,4
I31,0.889,0.444,0.0,True,2,0.1,30,0.24,False,4,75,75,False,True,2,4
deprotection 31,0.0,0.0,0.8,True,2,0.1,30,0.1,False,4,75,75,False,True,2,4
C32,0.889,0.444,0.0,True,10,0.1,30,0.24,False,4,75,75,False,True,2,4
deprotection 32,0.0,0.0,0.8,True,10,0.1,30,0.1,False,4,75,75,False,True,2,4
H33,0.889,0.444,0.0,True,16,0.1,30,0.24,False,4,75,75,False,True,2,4
deprotection 33,0.0,0.0,0.8,True,16,0.1,30,0.1,False,4,75,75,False,True,2,4
G34,0.889,0.444,0.0,True,8,0.1,31,0.24,False,4,75,75,False,True,2,4
deprotection 34,0.0,0.0,0.8,True,8,0.1,31,0.1,False,4,75,75,False,True,2,4
A35,0.889,0.444,0.0,True,17,0.1,31,0.24,False,4,75,75,False,True,2,4
deprotection 35,0.0,0.0,0.8,True,17,0.1,31,0.1,False,4,75,75,False,True,2,4
C36,0.889,0.444,0.0,True,10,0.1,31,0.24,False,4,75,75,False,True,2,4
deprotection 36,0.0,0.0,0.8,True,10,0.1,31,0.1,False,4,75,75,False,True,2,4
A37,0.889,0.444,0.0,True,17,0.1,31,0.24,False,4,75,75,False,True,2,4
deprotection 37,0.0,0.0,0.8,True,17,0.1,31,0.1,False,4,75,75,False,True,2,4
T38,0.889,0.444,0.0,True,18,0.1,31,0.24,False,4,75,75,False,True,2,4
deprotection 38,0.0,0.0,0.8,True,18,0.1,31,0.1,False,4,75,75,False,True,2,4
H39,0.889,0.444,0.0,True,16,0.1,31,0.24,False,4,75,75,False,True,2,4
deprotection 39,0.0,0.0,0.8,True,16,0.1,31,0.1,False,4,75,75,False,True,2,4
N40,0.889,0.444,0.0,True,9,0.1,31,0.24,False,4,75,75,False,True,2,4
deprotection 40,0.0,0.0,0.8,True,9,0.1,31,0.1,False,4,75,75,False,True,2,4
W41,0.889,0.444,0.0,True,3,0.1,31,0.24,False,4,75,75,False,True,2,4
deprotection 41,0.0,0.0,0.8,True,3,0.1,31,0.1,False,4,75,75,False,True,2,4
N42,0.889,0.444,0.0,True,9,0.1,31,0.24,False,4,75,75,False,True,2,4
deprotection 42,0.0,0.0,0.8,True,9,0.1,31,0.1,False,4,75,75,False,True,2,4
W43,0.889,0.444,0.0,True,3,0.1,31,0.24,False,4,75,75,False,True,2,4
deprotection 43,0.0,0.0,0.8,True,3,0.1,31,0.1,False,4,75,75,False,True,2,4
K44,0.889,0.444,0.0,True,12,0.1,31,0.24,False,4,75,75,False,True,2,4
deprotection 44,0.0,0.0,0.8,True,12,0.1,31,0.1,False,4,75,75,False,True,2,4
S45,0.889,0.444,0.0,True,6,0.1,32,0.24,False,4,75,75,False,True,2,4
deprotection 45,0.0,0.0,0.8,True,6,0.1,32,0.1,False,4,75,75,False,True,2,4
L46,0.889,0.444,0.0,True,19,0.1,32,0.24,False,4,75,75,False,True,2,4
deprotection 46,0.0,0.0,0.8,True,19,0.1,32,0.1,False,4,75,75,False,True,2,4
L47,0.889,0.444,0.0,True,19,0.1,32,0.24,False,4,75,75,False,True,2,4
deprotection 47,0.0,0.0,0.8,True,19,0.1,32,0.1,False,4,75,75,False,True,2,4
D48,0.889,0.444,0.0,True,20,0.1,32,0.24,False,4,75,75,False,True,2,4
deprotection 48,0.0,0.0,0.8,True,20,0.1,32,0.1,False,4,75,75,False,True,2,4
C49,0.889,0.444,0.0,True,10,0.1,32,0.24,False,4,75,75,False,True,2,4
deprotection 49,0.0,0.0,0.8,True,10,0.1,32,0.1,False,4,75,75,False,True,2,4
T50,0.889,0.444,0.0,True,18,0.1,32,0.24,False,4,75,75,False,True,2,4
deprotection 50,0.0,0.0,0.8,True,18,0.1,32,0.1,False,4,75,75,False,True,2,4
A51,0.889,0.444,0.0,True,17,0.1,32,0.24,False,4,75,75,False,True,2,4
deprotection 51,0.0,0.0,0.8,True,17,0.1,32,0.1,False,4,75,75,False,True,2,4
