Amino Acid,Rack,Position,Occurrences,mmol,Mass (g),Volume (mL)
R,1,1,4,4.27,2.77,10.0
I,1,2,2,2.13,0.75,5.0
W,1,3,3,3.2,1.69,7.5
F,1,4,2,2.13,0.83,5.0
P,1,5,1,1.07,0.36,2.5
S,1,6,2,2.13,0.82,5.0
G,1,7,6,6.4,1.9,15.0
G2,1,8,1,1.07,0.32,2.5
N,1,9,4,4.27,2.55,10.0
C,1,10,6,6.4,3.76,15.0
V,1,11,1,1.07,0.36,2.5
K,1,12,6,6.4,3.0,15.0
E,1,13,2,2.13,0.91,5.0
A,1,14,3,3.2,1.0,7.5
Q,1,15,2,2.13,1.3,5.0
Y,1,16,1,1.07,0.49,2.5
Pra,1,17,1,1.07,0.36,2.5
H,1,18,2,2.13,1.32,5.0
T,1,19,1,1.07,0.42,2.5
L,1,20,2,2.13,0.75,5.0
D,1,21,1,1.07,0.44,2.5
